{ "height":15,
 "layers":[
        {
         "data":[0, 0, 0, 0, 0, 0, 0, 0, 0, 0, 0, 0, 0, 0, 0, 0, 0, 0, 0, 0, 0, 0, 0, 0, 0, 0, 0, 0, 0, 0, 0, 0, 0, 0, 0, 0, 353, 0, 0, 0, 0, 0, 353, 0, 0, 0, 0, 0, 0, 0, 0, 0, 0, 0, 0, 0, 0, 0, 0, 0, 0, 0, 0, 353, 0, 0, 0, 0, 353, 0, 0, 0, 272, 266, 283, 265, 266, 0, 287, 283, 290, 283, 258, 258, 0, 0, 0, 0, 0, 0, 0, 0, 0, 0, 0, 0, 0, 0, 0, 0, 0, 0, 0, 0, 0, 0, 0, 0, 0, 0, 0, 0, 0, 0, 0, 0, 0, 0, 0, 0, 0, 0, 0, 0, 0, 0, 0, 0, 0, 0, 0, 0, 0, 0, 0, 0, 0, 0, 0, 0, 0, 0, 0, 0, 0, 0, 0, 0, 0, 0, 0, 0, 0, 0, 0, 0, 0, 0, 0, 0, 0, 0, 0, 0, 0, 0, 0, 0, 0, 0, 0, 0, 0, 0, 0, 0, 0, 0, 0, 0],
         "height":15,
         "name":"backgroundLayer",
         "opacity":1,
         "type":"tilelayer",
         "visible":false,
         "width":12,
         "x":0,
         "y":0
        }, 
        {
         "data":[0, 0, 0, 0, 0, 0, 0, 0, 0, 0, 0, 0, 0, 0, 0, 0, 0, 0, 0, 0, 0, 0, 0, 0, 0, 0, 0, 0, 0, 0, 0, 0, 0, 0, 0, 0, 0, 0, 0, 0, 0, 0, 0, 0, 0, 0, 0, 0, 0, 0, 0, 0, 0, 0, 0, 0, 0, 0, 0, 0, 0, 0, 0, 0, 0, 0, 0, 0, 0, 0, 0, 0, 0, 0, 0, 0, 0, 0, 0, 0, 0, 0, 0, 0, 253, 253, 253, 253, 253, 259, 253, 253, 253, 253, 253, 253, 342, 342, 342, 342, 342, 285, 342, 342, 342, 342, 342, 342, 278, 284, 271, 284, 333, 347, 278, 284, 271, 347, 347, 284, 284, 264, 285, 257, 342, 342, 342, 333, 257, 333, 285, 285, 271, 257, 271, 250, 264, 342, 342, 342, 342, 285, 285, 285, 342, 333, 257, 284, 257, 333, 284, 250, 257, 284, 342, 342, 284, 250, 271, 342, 342, 342, 271, 342, 342, 342, 342, 333, 342, 342, 284, 333, 271, 284, 271, 250, 271, 257, 285, 271],
         "height":15,
         "name":"collisionLayer",
         "opacity":1,
         "type":"tilelayer",
         "visible":true,
         "width":12,
         "x":0,
         "y":0
        }, 
        {
         "draworder":"topdown",
         "name":"objectsLayer",
         "objects":[
                {
                 "gid":17,
                 "height":64,
                 "id":4,
                 "name":"",
                 "properties":
                    {
                     "frame":4,
                     "type":"crab"
                    },
                 "propertytypes":
                    {
                     "frame":"int",
                     "type":"string"
                    },
                 "rotation":0,
                 "type":"",
                 "visible":true,
                 "width":64,
                 "x":1185.22,
                 "y":1647.71
                }, 
                {
                 "gid":17,
                 "height":64,
                 "id":5,
                 "name":"",
                 "properties":
                    {
                     "type":"crab"
                    },
                 "propertytypes":
                    {
                     "type":"string"
                    },
                 "rotation":0,
                 "type":"",
                 "visible":true,
                 "width":64,
                 "x":1446.46,
                 "y":1883.41
                }, 
                {
                 "gid":17,
                 "height":64,
                 "id":6,
                 "name":"",
                 "properties":
                    {
                     "frame":2,
                     "type":"crab"
                    },
                 "propertytypes":
                    {
                     "frame":"int",
                     "type":"string"
                    },
                 "rotation":0,
                 "type":"",
                 "visible":true,
                 "width":64,
                 "x":1065.76,
                 "y":1366.26
                }, 
                {
                 "gid":17,
                 "height":64,
                 "id":7,
                 "name":"",
                 "properties":
                    {
                     "frame":0,
                     "type":"crab"
                    },
                 "propertytypes":
                    {
                     "frame":"int",
                     "type":"string"
                    },
                 "rotation":0,
                 "type":"",
                 "visible":true,
                 "width":64,
                 "x":300.511,
                 "y":1617.12
                }, 
                {
                 "gid":17,
                 "height":64,
                 "id":8,
                 "name":"",
                 "properties":
                    {
                     "frame":3,
                     "type":"crab"
                    },
                 "propertytypes":
                    {
                     "frame":"int",
                     "type":"string"
                    },
                 "rotation":0,
                 "type":"",
                 "visible":true,
                 "width":64,
                 "x":37.0494,
                 "y":1508.11
                }, 
                {
                 "gid":309,
                 "height":128,
                 "id":12,
                 "name":"",
                 "properties":
                    {
                     "type":"pickaxe"
                    },
                 "propertytypes":
                    {
                     "type":"string"
                    },
                 "rotation":0,
                 "type":"",
                 "visible":true,
                 "width":128,
                 "x":643.155,
                 "y":893.174
                }, 
                {
                 "gid":309,
                 "height":128,
                 "id":13,
                 "name":"",
                 "properties":
                    {
                     "type":"player"
                    },
                 "propertytypes":
                    {
                     "type":"string"
                    },
                 "rotation":0,
                 "type":"",
                 "visible":true,
                 "width":128,
                 "x":30.2873,
                 "y":893.174
                }, 
                {
                 "gid":17,
                 "height":64,
                 "id":15,
                 "name":"",
                 "properties":
                    {
                     "frame":4,
                     "type":"crab"
                    },
                 "propertytypes":
                    {
                     "frame":"int",
                     "type":"string"
                    },
                 "rotation":0,
                 "type":"",
                 "visible":true,
                 "width":64,
                 "x":432.434,
                 "y":1300.19
                }, 
                {
                 "gid":17,
                 "height":64,
                 "id":17,
                 "name":"",
                 "properties":
                    {
                     "frame":1,
                     "type":"crab"
                    },
                 "propertytypes":
                    {
                     "frame":"int",
                     "type":"string"
                    },
                 "rotation":0,
                 "type":"",
                 "visible":true,
                 "width":64,
                 "x":283.327,
                 "y":1371.08
                }, 
                {
                 "gid":17,
                 "height":64,
                 "id":18,
                 "name":"",
                 "properties":
                    {
                     "frame":2,
                     "type":"crab"
                    },
                 "propertytypes":
                    {
                     "frame":"int",
                     "type":"string"
                    },
                 "rotation":0,
                 "type":"",
                 "visible":true,
                 "width":64,
                 "x":786.871,
                 "y":1637.51
                }, 
                {
                 "gid":17,
                 "height":64,
                 "id":20,
                 "name":"",
                 "properties":
                    {
                     "frame":1,
                     "type":"crab"
                    },
                 "propertytypes":
                    {
                     "frame":"int",
                     "type":"string"
                    },
                 "rotation":0,
                 "type":"",
                 "visible":true,
                 "width":64,
                 "x":931.092,
                 "y":1654.63
                }, 
                {
                 "gid":17,
                 "height":64,
                 "id":21,
                 "name":"",
                 "properties":
                    {
                     "frame":0,
                     "type":"crab"
                    },
                 "propertytypes":
                    {
                     "frame":"int",
                     "type":"string"
                    },
                 "rotation":0,
                 "type":"",
                 "visible":true,
                 "width":64,
                 "x":33.9989,
                 "y":1371.08
                }, 
                {
                 "gid":17,
                 "height":64,
                 "id":23,
                 "name":"",
                 "properties":
                    {
                     "frame":2,
                     "type":"crab"
                    },
                 "propertytypes":
                    {
                     "frame":"int",
                     "type":"string"
                    },
                 "rotation":0,
                 "type":"",
                 "visible":true,
                 "width":64,
                 "x":1446.86,
                 "y":1256.19
                }, 
                {
                 "gid":17,
                 "height":54.2224,
                 "id":24,
                 "name":"",
                 "properties":
                    {
                     "frame":1,
                     "type":"crab"
                    },
                 "propertytypes":
                    {
                     "frame":"int",
                     "type":"string"
                    },
                 "rotation":0,
                 "type":"",
                 "visible":true,
                 "width":64,
                 "x":175.773,
                 "y":1248.86
                }, 
                {
                 "gid":17,
                 "height":64,
                 "id":25,
                 "name":"",
                 "properties":
                    {
                     "frame":0,
                     "type":"crab"
                    },
                 "propertytypes":
                    {
                     "frame":"int",
                     "type":"string"
                    },
                 "rotation":0,
                 "type":"",
                 "visible":true,
                 "width":64,
                 "x":803.981,
                 "y":1889.29
                }, 
                {
                 "gid":17,
                 "height":64,
                 "id":26,
                 "name":"",
                 "properties":
                    {
                     "frame":1,
                     "type":"crab"
                    },
                 "propertytypes":
                    {
                     "frame":"int",
                     "type":"string"
                    },
                 "rotation":0,
                 "type":"",
                 "visible":true,
                 "width":64,
                 "x":168.44,
                 "y":1767.07
                }, 
                {
                 "gid":17,
                 "height":64,
                 "id":27,
                 "name":"",
                 "properties":
                    {
                     "frame":2,
                     "type":"crab"
                    },
                 "propertytypes":
                    {
                     "frame":"int",
                     "type":"string"
                    },
                 "rotation":0,
                 "type":"",
                 "visible":true,
                 "width":64,
                 "x":1185.31,
                 "y":1896.62
                }, 
                {
                 "gid":17,
                 "height":64,
                 "id":28,
                 "name":"",
                 "properties":
                    {
                     "frame":3,
                     "type":"crab"
                    },
                 "propertytypes":
                    {
                     "frame":"int",
                     "type":"string"
                    },
                 "rotation":0,
                 "type":"",
                 "visible":true,
                 "width":64,
                 "x":657.318,
                 "y":1273.3
                }, 
                {
                 "gid":17,
                 "height":64,
                 "id":29,
                 "name":"",
                 "properties":
                    {
                     "frame":4,
                     "type":"crab"
                    },
                 "propertytypes":
                    {
                     "frame":"int",
                     "type":"string"
                    },
                 "rotation":0,
                 "type":"",
                 "visible":true,
                 "width":64,
                 "x":547.32,
                 "y":1637.52
                }, 
                {
                 "gid":17,
                 "height":64,
                 "id":30,
                 "name":"",
                 "properties":
                    {
                     "frame":3,
                     "type":"crab"
                    },
                 "propertytypes":
                    {
                     "frame":"int",
                     "type":"string"
                    },
                 "rotation":0,
                 "type":"",
                 "visible":true,
                 "width":64,
                 "x":415.323,
                 "y":1908.85
                }, 
                {
                 "gid":17,
                 "height":64,
                 "id":31,
                 "name":"",
                 "properties":
                    {
                     "frame":4,
                     "type":"crab"
                    },
                 "propertytypes":
                    {
                     "frame":"int",
                     "type":"string"
                    },
                 "rotation":0,
                 "type":"",
                 "visible":true,
                 "width":64,
                 "x":669.54,
                 "y":1894.18
                }, 
                {
                 "gid":17,
                 "height":64,
                 "id":32,
                 "name":"",
                 "properties":
                    {
                     "frame":3,
                     "type":"crab"
                    },
                 "propertytypes":
                    {
                     "frame":"int",
                     "type":"string"
                    },
                 "rotation":0,
                 "type":"",
                 "visible":true,
                 "width":64,
                 "x":1180.4175487167,
                 "y":1488.4058420924
                }, 
                {
                 "gid":17,
                 "height":64,
                 "id":33,
                 "name":"",
                 "properties":
                    {
                     "frame":2,
                     "type":"crab"
                    },
                 "propertytypes":
                    {
                     "frame":"int",
                     "type":"string"
                    },
                 "rotation":0,
                 "type":"",
                 "visible":true,
                 "width":64,
                 "x":1185.30628208262,
                 "y":1251.30481544855
                }, 
                {
                 "gid":17,
                 "height":64,
                 "id":34,
                 "name":"",
                 "properties":
                    {
                     "frame":0,
                     "type":"crab"
                    },
                 "propertytypes":
                    {
                     "frame":"int",
                     "type":"string"
                    },
                 "rotation":0,
                 "type":"",
                 "visible":true,
                 "width":64,
                 "x":1446.85602542166,
                 "y":1395.52383280372
                }, 
                {
                 "gid":17,
                 "height":64,
                 "id":35,
                 "name":"",
                 "properties":
                    {
                     "frame":1,
                     "type":"crab"
                    },
                 "propertytypes":
                    {
                     "frame":"int",
                     "type":"string"
                    },
                 "rotation":0,
                 "type":"",
                 "visible":true,
                 "width":64,
                 "x":285.770716206306,
                 "y":938.422879491567
                }, 
                {
                 "gid":17,
                 "height":64,
                 "id":36,
                 "name":"",
                 "properties":
                    {
                     "frame":3,
                     "type":"crab"
                    },
                 "propertytypes":
                    {
                     "frame":"int",
                     "type":"string"
                    },
                 "rotation":0,
                 "type":"",
                 "visible":true,
                 "width":64,
                 "x":1009.31019310682,
                 "y":938.422879491567
                }, 
                {
                 "gid":17,
                 "height":64,
                 "id":37,
                 "name":"",
                 "properties":
                    {
                     "frame":4,
                     "type":"crab"
                    },
                 "propertytypes":
                    {
                     "frame":"int",
                     "type":"string"
                    },
                 "rotation":0,
                 "type":"",
                 "visible":true,
                 "width":64,
                 "x":1317.30334881447,
                 "y":1891.73502811049
                }],
         "opacity":1,
         "type":"objectgroup",
         "visible":true,
         "x":0,
         "y":0
        }],
 "nextobjectid":38,
 "orientation":"orthogonal",
 "renderorder":"right-down",
 "tiledversion":"1.0.1",
 "tileheight":128,
 "tilesets":[
        {
         "columns":15,
         "firstgid":1,
         "image":"..\/tileset.png",
         "imageheight":1024,
         "imagewidth":960,
         "margin":0,
         "name":"tileset",
         "spacing":0,
         "tilecount":240,
         "tileheight":64,
         "tilewidth":64
        }, 
        {
         "columns":1,
         "firstgid":241,
         "image":"..\/tiles-alpha.png",
         "imageheight":448,
         "imagewidth":64,
         "margin":0,
         "name":"tiles-alpha",
         "spacing":0,
         "tilecount":7,
         "tileheight":64,
         "tilewidth":64
        }, 
        {
         "columns":7,
         "firstgid":248,
         "image":"..\/spritesheet_tiles.png",
         "imageheight":2048,
         "imagewidth":1024,
         "margin":0,
         "name":"spritesheet_tiles",
         "spacing":2,
         "tilecount":105,
         "tileheight":128,
         "tilewidth":128
        }, 
        {
         "columns":1,
         "firstgid":353,
         "image":"..\/Environment.png",
         "imageheight":512,
         "imagewidth":512,
         "margin":0,
         "name":"Environment",
         "spacing":2,
         "tilecount":1,
         "tileheight":512,
         "tilewidth":512
        }],
 "tilewidth":128,
 "type":"map",
 "version":1,
 "width":12
}