<TextureAtlas imagePath="sprites.png">
	<SubTexture name="apple.png" x="390" y="260" width="128" height="128"/>
	<SubTexture name="arrow.png" x="390" y="130" width="128" height="128"/>
	<SubTexture name="axe_bronze.png" x="390" y="0" width="128" height="128"/>
	<SubTexture name="axe_diamond.png" x="260" y="1820" width="128" height="128"/>
	<SubTexture name="axe_gold.png" x="260" y="1690" width="128" height="128"/>
	<SubTexture name="axe_iron.png" x="260" y="1560" width="128" height="128"/>
	<SubTexture name="axe_silver.png" x="260" y="1430" width="128" height="128"/>
	<SubTexture name="boat.png" x="260" y="1300" width="128" height="128"/>
	<SubTexture name="bow.png" x="260" y="1170" width="128" height="128"/>
	<SubTexture name="bowArrow.png" x="260" y="1040" width="128" height="128"/>
	<SubTexture name="bowl.png" x="260" y="910" width="128" height="128"/>
	<SubTexture name="fish.png" x="260" y="780" width="128" height="128"/>
	<SubTexture name="fish_cooked.png" x="260" y="650" width="128" height="128"/>
	<SubTexture name="fishingPole.png" x="260" y="520" width="128" height="128"/>
	<SubTexture name="flail_bronze.png" x="260" y="390" width="128" height="128"/>
	<SubTexture name="flail_diamond.png" x="260" y="260" width="128" height="128"/>
	<SubTexture name="flail_gold.png" x="260" y="130" width="128" height="128"/>
	<SubTexture name="flail_iron.png" x="260" y="0" width="128" height="128"/>
	<SubTexture name="flail_silver.png" x="130" y="1820" width="128" height="128"/>
	<SubTexture name="hammer_bronze.png" x="130" y="1690" width="128" height="128"/>
	<SubTexture name="hammer_diamond.png" x="390" y="1300" width="128" height="128"/>
	<SubTexture name="hammer_gold.png" x="130" y="1430" width="128" height="128"/>
	<SubTexture name="hammer_iron.png" x="130" y="1300" width="128" height="128"/>
	<SubTexture name="hammer_silver.png" x="130" y="1170" width="128" height="128"/>
	<SubTexture name="hoe_bronze.png" x="130" y="1040" width="128" height="128"/>
	<SubTexture name="hoe_diamond.png" x="130" y="910" width="128" height="128"/>
	<SubTexture name="hoe_gold.png" x="130" y="780" width="128" height="128"/>
	<SubTexture name="hoe_iron.png" x="130" y="650" width="128" height="128"/>
	<SubTexture name="hoe_silver.png" x="130" y="520" width="128" height="128"/>
	<SubTexture name="minecart.png" x="130" y="390" width="128" height="128"/>
	<SubTexture name="ore_coal.png" x="130" y="260" width="128" height="128"/>
	<SubTexture name="ore_diamond.png" x="130" y="130" width="128" height="128"/>
	<SubTexture name="ore_emerald.png" x="130" y="0" width="128" height="128"/>
	<SubTexture name="ore_gold.png" x="0" y="1820" width="128" height="128"/>
	<SubTexture name="ore_iron.png" x="0" y="1690" width="128" height="128"/>
	<SubTexture name="ore_ironAlt.png" x="0" y="1560" width="128" height="128"/>
	<SubTexture name="ore_ruby.png" x="0" y="1430" width="128" height="128"/>
	<SubTexture name="ore_silver.png" x="0" y="1300" width="128" height="128"/>
	<SubTexture name="pick_bronze.png" x="0" y="1170" width="128" height="128"/>
	<SubTexture name="pick_diamond.png" x="0" y="1040" width="128" height="128"/>
	<SubTexture name="pick_gold.png" x="0" y="910" width="128" height="128"/>
	<SubTexture name="pick_iron.png" x="0" y="780" width="128" height="128"/>
	<SubTexture name="pick_silver.png" x="0" y="650" width="128" height="128"/>
	<SubTexture name="seed.png" x="0" y="520" width="128" height="128"/>
	<SubTexture name="shovel_bronze.png" x="0" y="390" width="128" height="128"/>
	<SubTexture name="shovel_diamond.png" x="0" y="260" width="128" height="128"/>
	<SubTexture name="shovel_gold.png" x="0" y="130" width="128" height="128"/>
	<SubTexture name="shovel_iron.png" x="0" y="0" width="128" height="128"/>
	<SubTexture name="shovel_silver.png" x="130" y="1560" width="128" height="128"/>
	<SubTexture name="stew.png" x="390" y="1170" width="128" height="128"/>
	<SubTexture name="sword_bronze.png" x="390" y="1040" width="128" height="128"/>
	<SubTexture name="sword_diamond.png" x="390" y="910" width="128" height="128"/>
	<SubTexture name="sword_gold.png" x="390" y="780" width="128" height="128"/>
	<SubTexture name="sword_iron.png" x="390" y="650" width="128" height="128"/>
	<SubTexture name="sword_silver.png" x="390" y="520" width="128" height="128"/>
	<SubTexture name="wheat.png" x="390" y="390" width="128" height="128"/>
</TextureAtlas>
